,City,Lat,Lng,Max Temp,Humidity,Wind Speed,Country,Date,Cloudiness
0,cidreira,-30.1811,-50.2056,81.93,58,9.57,BR,1645373554,0
1,port alfred,-33.5906,26.891,73.44,67,19.57,ZA,1645373554,4
2,rikitea,-23.1203,-134.9692,77.47,74,9.46,PF,1645373508,20
3,saldanha,-33.0117,17.9442,66.02,78,11.59,ZA,1645373554,15
4,katsuura,35.1333,140.3,37.98,48,23.04,JP,1645373555,99
5,carnarvon,-24.8667,113.6333,84.27,65,11.5,AU,1645373555,85
6,hobart,-42.8794,147.3294,52.88,56,16.11,AU,1645373300,28
7,dikson,73.5069,80.5464,20.14,95,16.28,RU,1645373556,100
8,mahebourg,-20.4081,57.7,81.25,86,29.82,MU,1645373556,100
9,shasta lake,40.6804,-122.3708,48.7,51,2.26,US,1645373556,100
10,clyde river,70.4692,-68.5914,-5.57,77,9.22,CA,1645373517,100
11,roma,43.2128,-75.4557,24.44,56,11.5,US,1645373524,40
12,albany,42.6001,-73.9662,21.24,56,3.0,US,1645373499,33
13,atuona,-9.8,-139.0333,77.88,75,17.85,PF,1645373557,38
14,esperance,-33.8667,121.9,62.51,70,13.35,AU,1645373557,94
15,bad sachsa,51.595,10.5555,45.16,95,1.01,DE,1645373558,100
16,dunedin,-45.8742,170.5036,58.8,81,8.01,NZ,1645373454,54
17,bekhteyevka,50.8072,37.2085,36.5,96,5.61,RU,1645373558,43
18,saskylakh,71.9167,114.0833,-20.99,100,6.4,RU,1645373532,87
19,mataura,-46.1927,168.8643,46.47,97,2.24,NZ,1645373559,59
20,avarua,-21.2078,-159.775,77.05,88,8.05,CK,1645373559,20
21,marsa matruh,31.3525,27.2453,61.11,57,5.41,EG,1645373559,77
22,namibe,-15.1961,12.1522,78.01,76,11.07,AO,1645373560,84
23,hermanus,-34.4187,19.2345,70.81,75,13.22,ZA,1645373560,0
24,mount isa,-20.7333,139.5,73.17,56,2.3,AU,1645373382,75
25,maputo,-25.9653,32.5892,82.22,79,4.0,MZ,1645373561,4
26,nacala,-14.5428,40.6728,80.2,85,3.89,MZ,1645373561,74
27,cape town,-33.9258,18.4232,76.15,60,3.0,ZA,1645373278,1
28,am timan,11.0297,20.2827,93.33,9,7.0,TD,1645373562,42
29,the valley,18.217,-63.0578,84.06,73,16.6,AI,1645373562,44
30,hilo,19.7297,-155.09,65.97,77,5.75,US,1645373488,0
31,hamilton,39.1834,-84.5333,41.34,40,13.8,US,1645373529,0
32,athabasca,54.7169,-113.2854,-4.94,92,6.8,CA,1645373563,100
33,rio gallegos,-51.6226,-69.2181,52.54,52,10.2,AR,1645373563,99
34,vaini,-21.2,-175.2,77.16,100,4.61,TO,1645373563,20
35,palmer,42.1584,-72.3287,22.82,39,4.61,US,1645373564,75
36,rafina,38.0181,24.006,59.04,76,3.44,GR,1645373564,75
37,saint-philippe,-21.3585,55.7679,80.87,91,26.13,RE,1645373564,100
38,ushuaia,-54.8,-68.3,54.28,44,1.1,AR,1645373565,15
39,laramie,41.3114,-105.5911,35.19,35,17.27,US,1645373565,0
40,petropavlovsk-kamchatskiy,53.0452,158.6483,9.52,90,4.68,RU,1645373565,69
41,busselton,-33.65,115.3333,65.05,64,16.04,AU,1645373566,80
42,lebu,-37.6167,-73.65,62.58,66,7.52,CL,1645373566,2
43,rundu,-17.9333,19.7667,80.67,46,2.51,NA,1645373567,97
44,bowen,-20.0167,148.2333,76.86,85,10.89,AU,1645373567,26
45,sitka,57.0531,-135.33,33.69,93,0.0,US,1645373627,20
46,barrow,71.2906,-156.7887,-29.18,99,10.36,US,1645373628,0
47,tuatapere,-46.1333,167.6833,46.81,93,3.69,NZ,1645373628,87
48,chalmette,29.9427,-89.9634,60.53,61,13.8,US,1645373628,75
49,lincoln,40.8,-96.667,50.79,40,13.8,US,1645373336,0
50,pevek,69.7008,170.3133,-39.03,100,4.79,RU,1645373379,91
51,nome,64.5011,-165.4064,8.65,61,11.5,US,1645373391,100
52,tucuman,-26.8241,-65.2226,82.4,57,4.61,AR,1645373629,20
53,fort nelson,58.8053,-122.7002,-5.15,99,2.98,CA,1645373629,100
54,komsomolskiy,40.4272,71.7189,41.72,52,4.61,UZ,1645373630,5
55,dobson,36.3957,-80.7226,39.47,31,4.61,US,1645373630,0
56,victoria,22.2855,114.1577,47.16,92,11.99,HK,1645373630,100
57,havre-saint-pierre,50.2334,-63.5986,12.25,67,9.01,CA,1645373631,41
58,aragarcas,-15.8975,-52.2508,72.72,94,7.0,BR,1645373631,100
59,thompson,55.7435,-97.8558,-27.8,87,9.73,CA,1645373631,6
60,nicoya,10.1483,-85.452,89.2,31,15.1,CR,1645373632,11
61,chokurdakh,70.6333,147.9167,-40.77,100,2.93,RU,1645373632,53
62,naze,28.3667,129.4833,49.42,61,19.62,JP,1645373633,100
63,nikolskoye,59.7035,30.7861,31.1,96,4.7,RU,1645373633,99
64,ustka,54.5805,16.8619,38.59,81,16.28,PL,1645373633,88
65,hasaki,35.7333,140.8333,36.0,45,23.64,JP,1645373634,70
66,longyearbyen,78.2186,15.6401,-0.56,71,13.8,SJ,1645373634,20
67,tiksi,71.6872,128.8694,-1.77,86,12.06,RU,1645373634,98
68,tshikapa,-6.4167,20.8,81.55,75,2.44,CD,1645373635,88
69,kapaa,22.0752,-159.319,63.45,72,6.91,US,1645373635,0
70,punta arenas,-53.15,-70.9167,50.11,81,8.05,CL,1645373373,75
71,alofi,-19.0595,-169.9187,81.7,74,10.18,NU,1645373636,19
72,tabou,4.423,-7.3528,83.62,70,8.68,CI,1645373636,23
73,port moresby,-9.4431,147.1797,75.02,92,5.46,PG,1645373373,100
74,port hedland,-20.3167,118.5667,82.45,89,8.05,AU,1645373636,80
75,castro,-24.7911,-50.0119,80.74,43,4.47,BR,1645373637,6
76,tautira,-17.7333,-149.15,75.22,78,17.56,PF,1645373637,41
77,lompoc,34.6391,-120.4579,45.72,100,4.61,US,1645373481,100
78,tasiilaq,65.6145,-37.6368,21.36,73,6.98,GL,1645373638,100
79,kenai,60.5544,-151.2583,23.05,93,6.91,US,1645373638,100
80,katherine,-14.4667,132.2667,80.92,74,0.0,AU,1645373407,95
81,yangambi,0.8102,24.4336,77.5,73,3.96,CD,1645373638,99
82,bluff,-46.6,168.3333,46.8,85,5.99,NZ,1645373639,60
83,kautokeino,69.0125,23.0412,1.51,100,4.14,NO,1645373639,100
84,haines junction,60.7522,-137.5108,1.4,99,1.25,CA,1645373639,100
85,newtownards,54.5924,-5.6909,42.55,76,18.41,GB,1645373640,40
86,yar-sale,66.8333,70.8333,21.69,94,14.92,RU,1645373640,95
87,qaanaaq,77.484,-69.3632,-0.6,46,9.17,GL,1645373640,82
88,sambava,-14.2667,50.1667,79.83,82,6.38,MG,1645373641,100
89,dali,25.7,100.1833,46.11,56,5.35,CN,1645373641,40
90,magaria,12.9983,8.9099,85.39,8,15.66,NE,1645373642,2
91,ginir,7.1333,40.7,71.87,25,4.07,ET,1645373642,44
92,souillac,-20.5167,57.5167,82.78,83,31.07,MU,1645373702,100
93,turkistan,43.0,68.0,48.74,46,7.92,KZ,1645373339,11
94,narsaq,60.9167,-46.05,5.41,74,2.59,GL,1645373450,7
95,atlantic city,39.3643,-74.4229,31.01,38,3.44,US,1645373703,0
96,butaritari,3.0707,172.7902,81.5,79,21.05,KI,1645373704,99
97,soure,-0.7167,-48.5233,83.62,70,7.27,BR,1645373594,96
98,russell,32.3502,-85.1999,54.34,36,4.61,US,1645373704,0
99,tvoroyri,61.5556,-6.8111,42.19,74,28.25,FO,1645373705,96
100,kavaratti,10.5669,72.642,81.57,67,4.43,IN,1645373705,7
101,puerto ayora,-0.7393,-90.3518,80.55,88,8.01,EC,1645373705,62
102,nouakchott,18.0858,-15.9785,91.33,29,10.4,MR,1645373706,20
103,dolgoye,52.8,37.2167,25.65,92,8.32,RU,1645373706,26
104,klaksvik,62.2266,-6.589,41.92,78,24.4,FO,1645373706,97
105,nanortalik,60.1432,-45.2371,15.53,56,19.82,GL,1645373707,33
106,sungaipenuh,-2.0833,101.3833,65.41,93,2.86,ID,1645373707,100
107,jalingo,8.8833,11.3667,95.63,10,8.86,NG,1645373707,93
108,tikaitnagar,26.95,81.5833,59.14,50,3.36,IN,1645373708,0
109,salalah,17.0151,54.0924,75.29,69,6.91,OM,1645373614,20
110,barkhan,29.8977,69.5256,62.49,23,11.54,PK,1645373708,0
111,makakilo city,21.3469,-158.0858,68.74,79,8.05,US,1645373521,0
112,kodiak,57.79,-152.4072,33.31,86,4.61,US,1645373709,0
113,salinopolis,-0.6136,-47.3561,84.87,66,8.23,BR,1645373709,37
114,makat,47.6469,53.3463,38.08,81,11.05,KZ,1645373710,100
115,buala,-8.145,159.5921,80.37,83,4.09,SB,1645373710,100
116,airai,-8.9266,125.4092,60.3,89,1.34,TL,1645373710,100
117,hithadhoo,-0.6,73.0833,82.24,69,4.25,MV,1645373711,76
118,lorengau,-2.0226,147.2712,79.2,83,3.15,PG,1645373711,73
119,caravelas,-17.7125,-39.2481,86.65,52,10.67,BR,1645373711,99
120,champerico,14.3,-91.9167,88.38,57,4.09,GT,1645373712,3
121,kavieng,-2.5744,150.7967,82.26,79,10.13,PG,1645373712,62
122,virginia beach,36.8529,-75.978,38.71,43,4.61,US,1645373712,20
123,severo-kurilsk,50.6789,156.125,28.8,85,18.43,RU,1645373713,70
124,sorland,67.667,12.6934,30.06,65,14.94,NO,1645373713,100
125,puerto el triunfo,13.2833,-88.55,89.69,39,4.92,SV,1645373713,5
126,visby,57.6409,18.296,30.42,86,6.91,SE,1645373714,0
127,bengkulu,-3.8004,102.2655,77.61,86,3.94,ID,1645373714,100
128,caldas novas,-17.7417,-48.625,69.94,91,4.76,BR,1645373715,100
129,hellvik,59.9156,5.781,36.84,88,11.7,NO,1645373715,100
130,beyneu,45.3167,55.2,45.39,49,6.89,KZ,1645373715,7
131,egvekinot,66.3167,-179.1667,-24.57,87,11.74,RU,1645373716,10
132,qingdao,36.0986,120.3719,26.2,80,4.47,CN,1645373716,0
133,fayetteville,35.0527,-78.8784,43.95,30,9.22,US,1645373457,0
134,arman,59.7,150.1667,-17.99,85,8.28,RU,1645373716,56
135,chuy,-33.6971,-53.4616,84.6,46,7.83,UY,1645373717,62
136,nishihara,26.1842,127.7558,54.91,67,19.57,JP,1645373717,100
137,barentu,15.1139,37.5928,72.25,32,17.63,ER,1645373717,56
138,wadsworth,41.0256,-81.7299,32.43,53,8.99,US,1645373718,51
139,nuuk,64.1835,-51.7216,9.21,85,3.44,GL,1645373718,75
140,khatanga,71.9667,102.5,11.71,95,8.95,RU,1645373718,100
141,manta,-0.95,-80.7333,78.93,73,3.76,EC,1645373556,100
142,sioux lookout,50.1001,-91.917,5.38,88,11.65,CA,1645373480,100
143,high level,58.5169,-117.136,-16.49,76,6.91,CA,1645373779,20
144,torbay,47.6666,-52.7314,27.82,88,12.66,CA,1645373768,100
145,goiana,-7.5606,-35.0025,86.52,47,11.63,BR,1645373780,50
146,puerto escondido,15.85,-97.0667,85.03,79,5.75,MX,1645373780,20
147,sao gabriel da cachoeira,-0.1303,-67.0892,84.0,74,9.22,BR,1645373780,20
148,constitucion,-35.3333,-72.4167,66.94,63,15.46,CL,1645373781,37
149,luanda,-8.8368,13.2343,84.2,65,10.36,AO,1645373731,20
150,yellowknife,62.456,-114.3525,-37.68,67,0.0,CA,1645373781,20
151,shakawe,-18.3667,21.85,84.6,41,4.36,BW,1645373782,70
152,isangel,-19.55,169.2667,79.0,84,5.53,VU,1645373782,100
153,bagotville,-28.9833,153.4167,68.79,96,3.85,AU,1645373782,93
154,tovarkovskiy,53.6822,38.2092,26.15,91,10.27,RU,1645373783,16
155,olafsvik,64.8945,-23.7142,35.11,77,33.96,IS,1645373783,98
156,maceio,-9.6658,-35.7353,89.04,51,11.5,BR,1645373783,40
157,nizhniy tsasuchey,50.5167,115.1333,-6.11,92,5.95,RU,1645373737,90
158,cherskiy,68.75,161.3,-45.45,100,0.29,RU,1645373784,68
159,ribeira grande,38.5167,-28.7,59.4,51,5.75,PT,1645373784,75
160,kasempa,-13.4584,25.8338,69.8,94,3.47,ZM,1645373785,73
161,muros,42.7762,-9.0603,58.71,76,9.04,ES,1645373785,97
162,yarada,17.65,83.2667,79.12,78,2.3,IN,1645373595,11
163,fortuna,40.5982,-124.1573,45.95,94,8.05,US,1645373785,100
164,lavrentiya,65.5833,-171.0,-16.67,97,6.31,RU,1645373536,94
165,burnie,-41.0667,145.9167,50.94,80,12.53,AU,1645373786,30
166,carlyle,38.6103,-89.3726,45.43,57,5.99,US,1645373786,0
167,portland,45.5234,-122.6762,40.6,92,5.75,US,1645373670,75
168,los llanos de aridane,28.6585,-17.9182,62.35,59,23.02,ES,1645373787,20
169,port elizabeth,-33.918,25.5701,70.09,73,17.27,ZA,1645373787,0
170,norman wells,65.282,-126.8329,-25.56,68,9.22,CA,1645373787,40
171,deputatskiy,69.3,139.9,-34.82,97,4.5,RU,1645373667,13
172,bethel,41.3712,-73.414,25.97,55,1.99,US,1645373788,0
173,arraial do cabo,-22.9661,-42.0278,82.26,78,9.22,BR,1645373788,75
174,oistins,13.0667,-59.5333,82.49,61,18.41,BB,1645373653,20
175,talnakh,69.4865,88.3972,18.21,95,12.75,RU,1645373789,100
176,cockburn town,21.4612,-71.1419,76.96,68,16.73,TC,1645373665,3
177,catalao,-18.1658,-47.9464,69.66,88,5.44,BR,1645373789,100
178,pula,44.8683,13.8481,50.58,87,6.91,HR,1645373790,0
179,usinsk,65.9939,57.5281,26.6,94,19.57,RU,1645373790,100
180,saint-gaudens,43.0833,0.6667,54.19,74,6.58,FR,1645373791,72
181,kamenka,51.3223,42.7678,35.74,89,15.1,RU,1645373791,97
182,tuktoyaktuk,69.4541,-133.0374,-34.6,74,8.05,CA,1645373791,0
183,sao jose da coroa grande,-8.8978,-35.1478,86.27,58,13.71,BR,1645373644,47
184,raudeberg,61.9875,5.1352,35.67,62,11.99,NO,1645373796,100
185,skjervoy,70.0311,20.9714,24.98,67,16.53,NO,1645373856,100
186,pasighat,28.0667,95.3333,55.56,88,6.02,IN,1645373857,100
187,margate,51.3813,1.3862,51.93,81,17.0,GB,1645373857,100
188,tukan,53.8409,57.4552,25.95,95,11.92,RU,1645373858,100
189,new norfolk,-42.7826,147.0587,51.22,53,3.0,AU,1645373858,23
190,georgetown,5.4112,100.3354,78.96,80,2.3,MY,1645373859,20
191,riyadh,24.6877,46.7219,69.94,16,13.65,SA,1645373859,0
192,adrar,20.5022,-10.0711,86.13,12,8.7,MR,1645373859,0
193,vanimo,-2.6741,141.3028,76.66,90,5.1,PG,1645373597,99
194,jamestown,42.097,-79.2353,30.31,30,11.99,US,1645373803,80
195,dragotesti,44.8,23.1667,43.03,85,2.8,RO,1645373860,93
196,acarau,-2.8856,-40.12,84.7,68,13.35,BR,1645373860,49
197,san quintin,30.4833,-115.95,58.08,73,3.67,MX,1645373861,94
198,silifke,36.3778,33.9344,57.56,58,3.51,TR,1645373861,35
199,xai-xai,-25.0519,33.6442,80.11,73,15.86,MZ,1645373862,0
200,resistencia,-27.4606,-58.9839,87.89,45,6.91,AR,1645373862,0
201,mubi,10.2676,13.2644,88.18,8,9.69,NG,1645373862,100
202,lata,40.1629,-8.3327,58.55,37,6.76,PT,1645373863,23
203,nong ki,14.6868,102.538,82.51,79,2.93,TH,1645373863,44
204,pamyat parizhskoy kommuny,56.1048,44.4952,35.55,91,12.91,RU,1645373863,100
205,port lincoln,-34.7333,135.8667,61.63,61,11.41,AU,1645373864,79
206,aykhal,66.0,111.5,8.42,94,20.0,RU,1645373864,100
207,havelock,34.8791,-76.9013,45.79,40,16.11,US,1645373865,0
208,kruisfontein,-34.0033,24.7314,70.88,70,18.45,ZA,1645373865,10
209,codrington,-38.2667,141.9667,58.51,52,12.1,AU,1645373866,54
210,grindavik,63.8424,-22.4338,34.27,69,27.63,IS,1645373866,0
211,bambanglipuro,-7.95,110.2833,78.42,83,2.93,ID,1645373867,100
212,bredasdorp,-34.5322,20.0403,74.52,53,17.27,ZA,1645373867,0
213,boa vista,2.8197,-60.6733,91.38,40,14.97,BR,1645373867,40
214,anadyr,64.75,177.4833,-20.0,75,6.71,RU,1645373868,0
215,hurricane,37.1753,-113.2899,40.14,28,2.37,US,1645373641,0
216,east london,-33.0153,27.9116,72.54,64,11.5,ZA,1645373868,0
217,hofn,64.2539,-15.2082,35.62,44,18.41,IS,1645373869,20
218,vikersund,59.9659,9.995,31.93,97,3.33,NO,1645373869,100
219,terney,45.0503,136.6092,9.72,72,18.9,RU,1645373869,67
220,lyuban,52.7985,28.0048,38.16,68,12.8,BY,1645373870,100
221,kotelnikovo,47.6317,43.1461,41.54,82,9.55,RU,1645373870,68
222,winnemucca,40.973,-117.7357,44.65,44,12.66,US,1645373699,0
223,barreirinhas,-2.7469,-42.8264,86.58,62,7.58,BR,1645373590,68
224,fairbanks,64.8378,-147.7164,-18.06,72,5.75,US,1645373694,0
225,krasnogorsk,55.8225,37.3181,32.45,69,13.42,RU,1645373872,75
226,ray,23.6833,85.05,66.97,26,6.26,IN,1645373872,0
227,bay roberts,47.5999,-53.2648,28.9,80,5.01,CA,1645373872,100
228,krasnaya poyma,55.0014,39.08,32.52,89,10.65,RU,1645373873,47
229,te anau,-45.4167,167.7167,46.98,91,1.54,NZ,1645373873,43
230,paducah,37.0834,-88.6001,48.51,48,12.66,US,1645373714,0
231,pangai,-19.8,-174.35,81.3,78,14.56,TO,1645373933,16
232,show low,34.2542,-110.0298,48.78,27,14.97,US,1645373934,0
233,saint anthony,45.0205,-93.218,38.97,59,13.8,US,1645373769,0
234,wuwei,37.9281,102.6414,18.57,67,3.85,CN,1645373934,93
235,matara,5.9485,80.5353,79.39,79,1.32,LK,1645373935,61
236,saint george,37.1041,-113.5841,38.57,41,3.44,US,1645373768,0
237,kortkeros,61.8106,51.5806,32.0,93,9.42,RU,1645373935,100
238,olinda,-8.0089,-34.8553,85.73,66,9.22,BR,1645373741,40
239,pokhara,28.2333,83.9833,48.79,81,3.29,NP,1645373936,100
240,pacific grove,36.6177,-121.9166,47.88,93,4.0,US,1645373936,100
241,araouane,18.9048,-3.5265,95.9,7,7.99,ML,1645373937,0
242,pitimbu,-7.4706,-34.8086,86.59,60,11.74,BR,1645373937,55
243,fare,-16.7,-151.0167,79.92,77,18.99,PF,1645373937,58
244,rolla,37.9514,-91.7713,51.58,43,23.0,US,1645373938,0
245,ponta do sol,32.6667,-17.1,60.64,72,9.44,PT,1645373938,82
246,camacha,33.0833,-16.3333,54.84,82,26.46,PT,1645373938,40
247,faanui,-16.4833,-151.75,80.71,76,17.67,PF,1645373939,65
248,cabo san lucas,22.8909,-109.9124,70.88,61,4.61,MX,1645373925,100
249,laguna,38.421,-121.4238,48.52,77,5.75,US,1645373820,0
250,mastic beach,40.7668,-72.8521,28.81,49,10.0,US,1645373939,0
251,mikkeli,61.6886,27.2723,28.51,86,4.61,FI,1645373940,100
252,kakinada,16.9333,82.2167,75.67,70,3.47,IN,1645373940,9
253,gijon,43.5357,-5.6615,59.07,68,8.99,ES,1645373656,91
254,atambua,-9.1061,124.8925,74.07,88,3.06,ID,1645373941,100
255,husavik,66.0449,-17.3389,33.71,81,19.19,IS,1645373941,98
256,anaco,9.4389,-64.4728,91.67,29,4.32,VE,1645373942,3
257,flin flon,54.7682,-101.865,-23.62,84,9.04,CA,1645373942,12
258,barcelos,41.5388,-8.6151,61.41,63,10.22,PT,1645373942,43
259,cayenne,4.9333,-52.3333,82.09,84,14.97,GF,1645373943,20
260,ararat,39.8317,44.7049,46.74,50,4.59,AM,1645373943,0
261,hovd,48.0056,91.6419,-5.06,83,5.28,MN,1645373944,8
262,pitanga,-24.7572,-51.7614,83.66,38,6.06,BR,1645373944,3
263,maldonado,-34.6667,-54.9167,70.99,52,1.9,UY,1645373944,100
264,yulara,-25.2406,130.9889,69.64,30,5.75,AU,1645373945,77
265,aneho,6.2333,1.6,84.49,69,15.19,TG,1645373746,100
266,bambous virieux,-20.3428,57.7575,82.65,83,31.07,MU,1645373945,100
267,lazurne,46.084,32.5295,44.02,60,5.26,UA,1645373946,100
268,belaya gora,68.5333,146.4167,-43.73,100,1.86,RU,1645373946,66
269,esil,51.9556,66.4042,5.61,93,8.86,KZ,1645373946,16
270,mar del plata,-38.0023,-57.5575,73.35,91,10.36,AR,1645373796,75
271,miri,4.4148,114.0089,73.54,100,8.05,MY,1645373947,40
272,berlevag,70.8578,29.0864,24.6,64,10.67,NO,1645373947,100
273,tommot,58.9564,126.2925,-10.25,100,2.46,RU,1645374008,100
274,bejar,40.3864,-5.7634,58.5,44,4.56,ES,1645374008,8
275,ust-kuyga,70.0167,135.6,-37.61,100,7.14,RU,1645374008,91
276,syava,58.0146,46.3222,32.5,97,11.12,RU,1645374009,100
277,bilma,18.6853,12.9164,79.72,10,6.04,NE,1645374009,0
278,phan thiet,10.9333,108.1,74.57,91,6.04,VN,1645373994,58
279,qaqortoq,60.7167,-46.0333,10.9,65,3.18,GL,1645374010,1
280,kantang,7.4054,99.5156,77.02,89,2.62,TH,1645374010,93
281,san jose,37.3394,-121.895,48.69,85,5.75,US,1645373941,100
282,port blair,11.6667,92.75,73.44,88,0.0,IN,1645374011,20
283,fuxin,42.0156,121.6589,15.91,74,5.1,CN,1645374011,90
284,safaga,26.7292,33.9365,63.97,54,5.3,EG,1645374012,0
285,sulangan,11.1373,123.7228,80.22,81,13.35,PH,1645374012,100
286,sabang,5.8933,95.3214,83.26,71,5.77,ID,1645374012,22
287,faya,18.3851,42.4509,57.72,72,5.48,SA,1645374013,42
288,guane,22.2025,-84.0875,82.51,52,10.22,CU,1645374013,3
289,asau,46.4333,26.4,43.52,73,6.22,RO,1645374013,43
290,port-cartier,50.0334,-66.8654,12.69,68,6.62,CA,1645374014,3
291,maralal,1.0968,36.698,69.51,49,7.43,KE,1645374014,97
292,upernavik,72.7868,-56.1549,-5.06,95,12.93,GL,1645374014,100
293,buckeye,33.3703,-112.5838,58.93,28,0.0,US,1645373750,100
294,san patricio,28.017,-97.5169,63.3,70,6.78,US,1645374015,87
295,poum,-20.2333,164.0167,81.7,73,14.79,NC,1645374015,56
296,pisco,-13.7,-76.2167,71.65,78,9.22,PE,1645374016,0
297,peniche,39.3558,-9.3811,60.28,62,17.98,PT,1645374016,17
298,mahibadhoo,3.7833,72.9667,82.65,68,6.13,MV,1645374017,100
299,cay,38.5917,31.0286,39.49,64,4.92,TR,1645374017,82
300,zhengjiatun,43.5064,123.5064,6.03,87,2.64,CN,1645374018,99
301,san cristobal,7.7669,-72.225,64.58,89,2.82,VE,1645374018,99
302,wuan,31.6836,112.0044,38.34,59,5.75,CN,1645374019,96
303,freeport,40.6576,-73.5832,29.28,41,5.75,US,1645373786,0
304,bridlington,54.0831,-0.1919,47.32,90,8.01,GB,1645374019,100
305,nizwa,22.9333,57.5333,76.05,28,4.52,OM,1645374019,5
306,verkhoyansk,67.5447,133.385,-40.97,100,1.43,RU,1645374024,52
307,baykit,61.67,96.37,4.26,100,1.95,RU,1645374024,97
308,namtsy,62.7161,129.6658,-36.29,100,2.1,RU,1645374025,89
309,puro,12.4841,123.3827,77.86,85,10.0,PH,1645374025,84
310,mehamn,71.0357,27.8492,21.15,73,5.75,NO,1645374025,40
311,santa rosa,14.3122,121.1114,79.95,77,9.35,PH,1645373456,95
312,ndende,-2.4008,11.3581,81.84,78,2.21,GA,1645374026,97
313,jizan,17.3333,42.6667,79.74,50,13.51,SA,1645374026,44
314,wilmington,34.2257,-77.9447,47.71,51,11.5,US,1645373951,0
315,kirakira,-10.4544,161.9205,80.08,83,2.95,SB,1645373809,100
316,goderich,43.7501,-81.7165,28.87,64,25.32,CA,1645374027,56
317,bathsheba,13.2167,-59.5167,83.01,61,18.41,BB,1645374027,20
318,mareeba,-17.0,145.4333,73.4,90,2.24,AU,1645374088,33
319,karpogory,64.0019,44.4451,31.37,99,2.06,RU,1645374088,100
320,sao felix do xingu,-6.6447,-51.995,82.18,71,3.51,BR,1645374088,86
321,mataram,-8.5833,116.1167,79.61,86,2.82,ID,1645374089,86
322,abu kamal,34.4506,40.9171,56.21,70,6.22,SY,1645374089,67
323,leningradskiy,69.3833,178.4167,-33.36,99,4.12,RU,1645374090,56
324,saint-pierre,-21.3393,55.4781,81.52,78,29.93,RE,1645374090,100
325,kaduqli,11.0167,29.7167,81.9,11,13.04,SD,1645374090,86
326,mangrol,21.1167,70.1167,73.71,60,13.56,IN,1645374094,27
327,mana,5.6592,-53.7767,79.54,82,6.8,GF,1645374094,53
328,sundargarh,22.1167,84.0333,69.69,23,7.78,IN,1645374095,29
329,kudahuvadhoo,2.6708,72.8944,82.78,65,4.03,MV,1645374095,79
330,inirida,3.8653,-67.9239,91.47,45,2.1,CO,1645374095,9
331,arinos,-15.9169,-46.1056,72.63,87,2.51,BR,1645374096,100
332,sibiti,-3.6819,13.3499,76.37,84,1.52,CG,1645374096,87
333,taybad,34.74,60.7756,52.5,53,3.87,IR,1645374096,100
334,labuhan,-6.8844,112.2051,78.76,87,8.05,ID,1645374097,100
335,huarmey,-10.0681,-78.1522,75.09,76,7.74,PE,1645374097,100
336,hami,42.8,93.45,28.36,35,4.36,CN,1645374098,87
337,vytegra,61.0064,36.4481,24.84,88,11.16,RU,1645373953,100
338,iqaluit,63.7506,-68.5145,-29.47,75,0.0,CA,1645374098,75
339,kaitangata,-46.2817,169.8464,47.95,95,4.0,NZ,1645374098,70
340,luzhou,28.8724,105.4405,46.26,78,4.27,CN,1645374099,100
341,rocha,-34.4833,-54.3333,81.57,48,5.3,UY,1645374099,100
342,ponoka,52.6768,-113.5815,2.82,92,7.38,CA,1645374100,100
343,maine-soroa,13.2114,12.0241,82.08,11,17.07,NE,1645374100,27
344,along,28.1667,94.7667,48.9,97,3.27,IN,1645374100,100
345,debre zeyit,8.75,38.9833,66.29,57,14.5,ET,1645374101,34
346,paamiut,61.994,-49.6678,4.37,70,6.49,GL,1645374101,83
347,lumphat,13.4878,106.9816,76.77,62,9.84,KH,1645374101,98
348,batagay,67.6333,134.6333,-38.72,99,4.16,RU,1645374102,37
349,luderitz,-26.6481,15.1594,75.99,56,25.59,NA,1645374102,0
350,payakumbuh,-0.2202,100.6308,71.44,90,2.04,ID,1645374102,26
351,celestun,20.8667,-90.4,80.02,64,7.78,MX,1645374103,22
352,kidal,18.4411,1.4078,89.24,7,13.49,ML,1645374103,5
353,vestmannaeyjar,63.4427,-20.2734,36.59,51,23.02,IS,1645374104,40
354,taksimo,56.3444,114.8794,-16.35,90,3.09,RU,1645374104,34
355,quatre cocos,-20.2078,57.7625,81.09,87,28.99,MU,1645374105,100
356,provideniya,64.3833,-173.3,-7.35,91,15.73,RU,1645374105,100
357,hare bay,48.8499,-54.0148,26.2,58,7.18,CA,1645374105,99
358,synya,65.3718,58.0387,26.46,92,12.82,RU,1645374106,100
359,le port,-20.9373,55.2919,80.31,73,19.08,RE,1645374106,100
360,dingle,10.9995,122.6711,75.6,87,7.23,PH,1645374106,96
361,pangnirtung,66.1451,-65.7125,-22.86,92,1.59,CA,1645374107,76
362,taoudenni,22.6783,-3.9836,89.87,8,10.31,ML,1645374107,93
363,acajutla,13.5928,-89.8275,89.94,45,7.14,SV,1645374168,5
364,tessalit,20.1986,1.0114,90.0,6,8.39,ML,1645374168,12
365,mumford,5.2618,-0.759,83.34,71,13.35,GH,1645374168,57
366,lundazi,-12.2929,33.1782,67.77,91,3.69,ZM,1645374169,100
367,xining,36.6167,101.7667,19.99,46,3.51,CN,1645374169,100
368,georgiyevka,43.0369,74.7114,32.04,93,2.24,KZ,1645374169,10
369,gotsu,35.0,132.2167,37.58,52,20.09,JP,1645374170,100
370,saint joseph,39.7686,-94.8466,50.23,41,26.46,US,1645374170,0
371,harper,4.375,-7.7169,83.91,68,8.95,LR,1645374170,57
372,chimbote,-9.0853,-78.5783,75.79,72,8.63,PE,1645374171,100
373,hauterive,46.0901,3.4459,53.44,76,10.22,FR,1645374171,100
374,rawson,-43.3002,-65.1023,60.35,74,27.89,AR,1645374051,100
375,nabire,-3.3667,135.4833,75.22,96,2.26,ID,1645374172,100
376,anloga,5.7947,0.8973,88.02,73,14.97,GH,1645374172,100
377,gat,31.61,34.7642,58.24,100,5.7,IL,1645373882,52
378,beloha,-25.1667,45.05,76.68,71,15.86,MG,1645374172,0
379,veinticinco de diciembre,25.2602,-104.0519,64.67,27,0.92,MX,1645374173,18
380,ahipara,-35.1667,173.1667,63.23,91,3.8,NZ,1645374173,7
381,kapoeta,4.7717,33.5903,92.37,13,9.98,SS,1645374173,86
382,road town,18.4167,-64.6167,79.0,71,15.73,VG,1645373924,30
383,turukhansk,65.8167,87.9833,17.62,88,18.19,RU,1645374174,97
384,srednekolymsk,67.45,153.6833,-46.66,100,2.28,RU,1645374174,58
385,broken hill,-31.95,141.4333,65.05,50,16.51,AU,1645374174,100
386,trairi,-3.2778,-39.2689,84.13,71,10.76,BR,1645374175,53
387,havoysund,70.9963,24.6622,23.23,82,5.68,NO,1645374175,100
388,waitati,-45.75,170.5667,58.8,81,6.67,NZ,1645374176,42
389,kitui,-1.367,38.0106,78.35,42,11.5,KE,1645374176,100
390,kilindoni,-7.9139,39.6668,83.19,76,6.53,TZ,1645374177,32
391,sangar,63.9242,127.4739,-34.98,99,3.18,RU,1645374177,70
392,kutum,14.2,24.6667,71.49,12,12.86,SD,1645374177,81
393,krasnovishersk,60.4078,57.082,28.72,96,9.57,RU,1645374178,100
394,williams lake,52.1415,-122.1445,21.22,89,5.75,CA,1645374178,100
395,maningrida,-12.0667,134.2667,80.76,79,2.08,AU,1645374178,78
396,wanaka,-44.7,169.15,49.1,90,3.65,NZ,1645374013,12
397,dutlwe,-23.9833,23.9,87.87,32,5.03,BW,1645374179,70
398,ciudad bolivar,8.1222,-63.5497,90.23,37,8.9,VE,1645374179,7
399,manthani,18.65,79.6667,80.67,31,2.73,IN,1645374180,49
400,emerald,-23.5333,148.1667,73.35,64,8.12,AU,1645374180,1
401,abnub,27.2696,31.1511,64.62,33,9.15,EG,1645374180,2
402,socorro,31.6546,-106.3033,51.13,27,0.0,US,1645374181,40
403,oum hadjer,13.2954,19.6966,88.39,10,10.07,TD,1645374181,10
404,geraldton,-28.7667,114.6,73.81,83,6.91,AU,1645374182,100
405,mandalgovi,45.7625,106.2708,6.19,67,8.37,MN,1645374182,100
406,malaut,30.2167,74.4833,57.4,25,7.02,IN,1645374183,0
407,chenzhou,25.8,113.0333,33.06,99,3.67,CN,1645374183,100
408,shar,49.5886,81.0453,2.25,75,12.03,KZ,1645374183,1
409,westport,41.1415,-73.3579,28.08,52,10.36,US,1645373911,0
410,richards bay,-28.783,32.0377,78.53,83,8.93,ZA,1645374244,27
411,vilyuysk,63.7553,121.6247,-11.0,98,6.06,RU,1645374244,65
412,guaira,-20.3183,-48.3106,79.16,69,4.85,BR,1645374245,38
413,lumberton,34.6182,-79.0086,45.9,32,6.91,US,1645374073,0
414,blagoyevo,63.3667,47.9167,31.46,97,7.58,RU,1645374245,99
415,srivardhan,18.0333,73.0167,73.38,68,7.14,IN,1645374246,73
416,lazaro cardenas,17.9583,-102.2,84.65,36,2.35,MX,1645373994,1
417,nantucket,41.2835,-70.0995,26.71,48,12.66,US,1645374246,0
418,rumuruti,0.267,36.5389,73.51,38,14.85,KE,1645374247,78
419,mecca,21.4267,39.8261,67.95,39,15.17,SA,1645373992,0
420,sulphur springs,33.1385,-95.6011,58.39,31,17.27,US,1645374158,0
421,sinnamary,5.3833,-52.95,79.79,84,8.61,GF,1645374247,44
422,cairns,-16.9167,145.7667,77.43,90,5.75,AU,1645374248,25
423,byron bay,-28.65,153.6167,69.75,88,3.58,AU,1645374203,96
424,yongan,39.6957,113.6871,3.4,82,1.57,CN,1645374248,7
425,xuddur,4.1213,43.8894,86.14,26,10.58,SO,1645374249,53
426,hay river,60.8156,-115.7999,-27.42,68,4.61,CA,1645374249,20
427,jumla,29.2747,82.1838,28.44,91,2.64,NP,1645374249,67
428,puri,19.8,85.85,75.72,81,20.2,IN,1645374250,41
429,samarai,-10.6167,150.6667,81.75,81,7.43,PG,1645374250,76
430,kholodnyy,62.7167,147.95,-35.45,100,0.87,RU,1645374250,86
431,great yarmouth,52.6083,1.7305,52.68,87,31.07,GB,1645374251,100
432,petropavl,54.8753,69.1628,6.53,92,8.39,KZ,1645374251,50
433,dalton,34.7698,-84.9702,48.42,38,5.75,US,1645374048,0
434,altay,47.8667,88.1167,10.35,68,8.19,CN,1645374252,36
435,puerto del rosario,28.5004,-13.8627,67.75,37,18.41,ES,1645374252,75
436,lisala,2.15,21.5167,82.53,57,3.67,CD,1645374252,100
437,kahului,20.8947,-156.47,69.31,85,4.61,US,1645374253,0
438,vila franca do campo,37.7167,-25.4333,59.41,60,5.08,PT,1645374253,64
439,yakovlevka,44.425,133.4772,2.97,97,4.85,RU,1645374253,99
440,aksarka,66.5606,67.7975,18.88,95,12.19,RU,1645374254,100
441,puerto madryn,-42.7692,-65.0385,61.83,73,26.91,AR,1645374254,100
442,toamasina,-18.1667,49.3833,82.4,69,17.27,MG,1645374254,75
443,goroka,-6.0834,145.3873,63.34,99,2.06,PG,1645374255,100
444,acapulco,16.8634,-99.8901,84.02,48,3.44,MX,1645374255,0
445,tateyama,34.9833,139.8667,37.09,52,22.3,JP,1645374256,99
446,melfi,40.9965,15.6514,54.86,85,4.7,IT,1645374256,58
447,kayes,14.0,-11.0,102.11,7,7.54,ML,1645374256,22
448,porkhov,57.765,29.5561,33.69,89,12.59,RU,1645374257,99
449,nyurba,63.2842,118.3319,0.57,93,9.33,RU,1645374257,100
450,half moon bay,37.4636,-122.4286,49.23,90,8.05,US,1645374257,100
451,ixtapa,20.7,-105.2,72.63,64,2.3,MX,1645374258,20
452,lokosovo,61.1333,74.8167,19.18,83,11.99,RU,1645374258,81
453,kontagora,10.3999,5.4695,96.26,8,4.43,NG,1645374258,25
454,kongolo,-5.3833,27.0,71.17,93,2.17,CD,1645374259,96
455,gold coast,-28.0,153.4333,70.83,95,5.75,AU,1645374259,40
456,fukue,32.6881,128.8419,40.69,58,24.34,JP,1645374259,81
457,gravdal,68.1214,13.5031,21.09,68,6.91,NO,1645374320,40
458,hobyo,5.3505,48.5268,77.65,68,18.07,SO,1645374320,49
459,springdale,36.1867,-94.1288,53.26,40,23.02,US,1645374294,0
460,coquimbo,-29.9533,-71.3436,69.53,68,12.66,CL,1645374321,0
461,malanville,11.8685,3.3899,96.78,6,12.57,BJ,1645374321,20
462,bagdarin,54.4333,113.6,-16.51,95,4.5,RU,1645374321,24
463,siniscola,40.5719,9.6922,58.55,56,8.55,IT,1645374322,0
464,nouadhibou,20.931,-17.0347,80.58,26,25.32,MR,1645374322,49
465,mirabad,30.4362,61.8383,68.43,20,9.62,AF,1645374322,69
466,rorvik,64.8621,11.2373,32.11,86,14.94,NO,1645374323,40
467,quijingue,-10.7525,-39.2092,93.02,37,4.65,BR,1645374323,100
468,popondetta,-8.7537,148.2534,74.08,96,2.91,PG,1645374324,100
469,phalaborwa,-23.943,31.1411,76.28,28,8.23,ZA,1645374324,17
470,muroto,33.2833,134.15,40.33,60,20.65,JP,1645374324,88
471,atar,20.5169,-13.0499,86.14,13,13.53,MR,1645374325,1
472,magadan,59.5667,150.8,-18.47,78,8.59,RU,1645374325,58
473,erzin,36.9559,36.2,57.92,72,4.14,TR,1645374325,26
474,penzance,50.1186,-5.5371,52.5,85,46.53,GB,1645374326,100
475,coari,-4.085,-63.1414,85.41,65,5.12,BR,1645374326,81
476,kingaroy,-26.5333,151.8333,64.44,100,0.0,AU,1645374327,75
477,oyama,36.3,139.8,35.73,34,19.33,JP,1645374327,0
478,jacqueville,5.2052,-4.4146,82.31,77,10.63,CI,1645374327,42
479,nuevitas,21.5453,-77.2644,83.64,61,13.98,CU,1645374328,37
480,la ronge,55.1001,-105.2842,-19.95,57,4.61,CA,1645374328,40
481,colares,38.7992,-9.4469,65.19,40,17.27,PT,1645374328,0
482,ambon,-3.6954,128.1814,75.34,94,4.61,ID,1645374329,40
483,izumo,35.3667,132.7667,35.55,55,14.61,JP,1645374329,100
484,iquitos,-3.7481,-73.2472,87.84,66,9.22,PE,1645374329,75
485,kamaishi,39.2667,141.8833,26.94,65,18.25,JP,1645374330,49
486,flinders,-34.5833,150.8552,75.09,76,5.99,AU,1645374330,94
487,balabac,7.9868,117.0645,77.54,82,4.9,PH,1645374331,100
488,nizhniy ingash,56.2,96.53,12.61,97,3.18,RU,1645374331,100
489,mitsamiouli,-11.3847,43.2844,84.49,79,2.3,KM,1645374331,20
490,helena,46.5927,-112.0361,33.67,61,8.05,US,1645374192,0
491,ilulissat,69.2167,-51.1,-0.38,71,3.44,GL,1645374332,75
492,susehri,40.1644,38.0867,24.03,90,1.3,TR,1645374332,36
493,sola,-13.8833,167.55,81.01,79,12.24,VU,1645374332,99
494,sergeyevka,53.88,67.4158,8.85,90,10.71,KZ,1645374333,9
495,honiara,-9.4333,159.95,79.09,87,2.42,SB,1645374333,95
496,sarlat-la-caneda,44.889,1.2166,52.3,83,7.61,FR,1645374333,100
497,omagari,39.45,140.4833,24.96,79,19.3,JP,1645374334,100
498,agadez,19.75,10.25,77.4,11,7.07,NE,1645374334,0
499,aklavik,68.2191,-135.0107,-38.2,74,4.61,CA,1645374334,0
500,chanute,37.6792,-95.4572,51.73,46,20.71,US,1645374335,0
501,vardo,70.3705,31.1107,24.55,59,16.58,NO,1645374335,100
502,karlshamn,56.1706,14.8619,37.72,97,14.27,SE,1645374336,100
503,tokat,40.4167,36.5833,26.06,85,6.02,TR,1645374336,58
504,ancud,-41.8697,-73.8203,66.22,64,3.76,CL,1645374396,7
505,gao,16.6362,1.637,91.35,7,15.05,ML,1645374397,0
506,pemba,-12.974,40.5178,84.04,73,11.07,MZ,1645374397,74
507,nioro,13.35,-15.75,101.88,7,5.61,GM,1645374397,49
508,kuhdasht,33.535,47.6061,47.71,65,7.09,IR,1645374398,0
509,oil city,41.4339,-79.7064,31.01,49,14.97,US,1645374398,0
510,dalvik,65.9702,-18.5286,33.73,84,12.84,IS,1645374399,100
511,henties bay,-22.116,14.2845,68.86,81,11.41,NA,1645374399,40
512,clarence town,-32.5833,151.7833,70.21,96,2.84,AU,1645374399,64
513,eyl,7.9803,49.8164,76.24,73,14.97,SO,1645374400,55
514,gemena,3.25,19.7667,80.51,63,1.05,CD,1645374400,95
515,kifri,34.6959,44.9661,59.65,61,11.63,IQ,1645374400,96
516,basi,26.8333,76.0333,71.94,26,7.85,IN,1645374401,0
517,les cayes,18.2,-73.75,84.31,51,6.06,HT,1645374401,12
518,estrela,-28.0611,-50.9383,88.05,22,7.49,BR,1645374401,26
519,kostomuksha,64.571,30.5767,20.57,94,8.48,RU,1645374402,100
520,nelson bay,-32.7167,152.15,71.35,85,1.99,AU,1645374402,83
521,obo,5.3998,26.4869,88.5,15,4.47,CF,1645374402,73
522,mae sai,20.4335,99.8762,73.06,73,0.58,TH,1645374403,24
523,praia da vitoria,38.7333,-27.0667,59.25,82,6.76,PT,1645374403,75
524,bandarbeyla,9.4942,50.8122,77.0,71,13.76,SO,1645374404,100
525,mastung,29.7994,66.845,51.62,40,6.42,PK,1645374404,2
526,roald,62.5833,6.1333,34.38,51,14.97,NO,1645374404,0
527,santo amaro da imperatriz,-27.6881,-48.7786,90.73,27,5.55,BR,1645374405,1
528,ascension,30.2169,-90.9001,61.12,57,6.91,US,1645374405,75
529,bosaso,11.2842,49.1816,76.64,65,5.41,SO,1645374405,79
530,buzmeyin,38.0507,58.2056,56.93,38,4.61,TM,1645374406,100
531,awjilah,29.1081,21.2869,68.25,28,1.88,LY,1645374406,88
532,mafra,-26.1114,-49.8053,81.93,27,3.71,BR,1645374244,7
533,carauari,-4.8828,-66.8958,83.1,76,4.27,BR,1645374406,99
534,fairlie,55.756,-4.8556,41.29,86,34.23,GB,1645374407,100
535,oranjestad,12.524,-70.027,78.58,76,16.73,AW,1645374389,0
536,laurel,39.0993,-76.8483,33.13,39,4.61,US,1645374392,0
537,paita,-5.0892,-81.1144,86.56,65,5.44,PE,1645374408,96
538,hambantota,6.1241,81.1185,79.41,82,3.89,LK,1645374408,28
539,yanam,16.7333,82.2167,75.6,70,7.76,IN,1645374408,7
540,novosergiyevka,52.0934,53.6528,32.97,98,15.95,RU,1645374409,100
541,wote,-1.7808,37.6288,78.96,41,8.68,KE,1645374409,100
542,oktyabrskoye,43.0645,44.7417,33.94,80,8.95,RU,1645374409,58
543,shingu,33.7333,135.9833,38.91,67,7.07,JP,1645374410,90
544,ilhabela,-23.7781,-45.3581,82.78,65,5.37,BR,1645374410,86
545,warrnambool,-38.3833,142.4833,51.82,64,10.33,AU,1645374411,50
546,tambacounda,13.7539,-13.7586,105.85,12,2.3,SN,1645374411,3
547,yenotayevka,47.2456,47.0281,44.8,61,10.87,RU,1645374411,93
548,menongue,-14.6585,17.691,73.13,72,5.73,AO,1645374412,89
549,taltal,-25.4,-70.4833,71.82,69,6.67,CL,1645374412,1
550,gamba,-2.65,10.0,83.43,70,9.82,GA,1645374472,78
551,bahia honda,22.9036,-83.1592,77.61,70,8.9,CU,1645374473,94
552,juba,4.8517,31.5825,92.37,12,6.67,SS,1645374311,80
553,tokur,53.1333,132.9,-24.0,100,2.8,RU,1645374473,86
554,wuxue,29.8506,115.5525,36.55,63,2.77,CN,1645374462,100
555,valcourt,45.5001,-72.3158,10.92,67,7.45,CA,1645374449,23
556,bourne,52.7667,-0.3833,53.04,87,29.93,GB,1645374474,75
557,tilichiki,60.4667,166.1,-26.68,94,8.86,RU,1645374474,11
558,inuvik,68.3499,-133.7218,-25.58,72,6.91,CA,1645374474,0
559,dakar,14.6937,-17.4441,75.33,60,11.5,SN,1645374339,4
